<metadata xml:lang="lv"><Esri><CreaDate>20250414</CreaDate><CreaTime>12371700</CreaTime><ArcGISFormat>1.0</ArcGISFormat><SyncOnce>FALSE</SyncOnce><DataProperties><lineage><Process ToolSource="c:\program files\arcgis\pro\Resources\ArcToolbox\toolboxes\Conversion Tools.tbx\ExportFeatures" Date="20250414" Time="123717">ExportFeatures rd_gis.vzd_dati.geo_buildings Y:\DARBA_FAILI\Dace\Dati_izsniegsanai\multiclimact\multiclimact.gdb\buildings_riga # NOT_USE_ALIAS "objectid "objectid" true true false 4 Long 0 10,First,#,rd_gis.vzd_dati.geo_buildings,objectid,-1,-1;address "address" true true false 128 Text 0 0,First,#,rd_gis.vzd_dati.geo_buildings,address,0,127;cadastrename "cadastrename" true true false 14 Text 0 0,First,#,rd_gis.vzd_dati.geo_buildings,cadastrename,0,13;cadastrevalue "cadastrevalue" true true false 8 Double 8 38,First,#,rd_gis.vzd_dati.geo_buildings,cadastrevalue,-1,-1;isacctualcadastrevalue "isacctualcadastrevalue" true true false 2 Text 0 0,First,#,rd_gis.vzd_dati.geo_buildings,isacctualcadastrevalue,0,1;membershipstatuss "membershipstatuss" true true false 60 Text 0 0,First,#,rd_gis.vzd_dati.geo_buildings,membershipstatuss,0,59;mainusetype "mainusetype" true true false 341 Text 0 0,First,#,rd_gis.vzd_dati.geo_buildings,mainusetype,0,340;term "term" true true false 100 Text 0 0,First,#,rd_gis.vzd_dati.geo_buildings,term,0,99;buildingtype "buildingtype" true true false 1041 Text 0 0,First,#,rd_gis.vzd_dati.geo_buildings,buildingtype,0,1040;exploitstartdate "exploitstartdate" true true false 8 Date 0 1,First,#,rd_gis.vzd_dati.geo_buildings,exploitstartdate,-1,-1;totalarea "totalarea" true true false 8 Double 8 38,First,#,rd_gis.vzd_dati.geo_buildings,totalarea,-1,-1;usefularea "usefularea" true true false 8 Double 8 38,First,#,rd_gis.vzd_dati.geo_buildings,usefularea,-1,-1;apartmenttotalarea "apartmenttotalarea" true true false 8 Double 8 38,First,#,rd_gis.vzd_dati.geo_buildings,apartmenttotalarea,-1,-1;apartmentarea "apartmentarea" true true false 8 Double 8 38,First,#,rd_gis.vzd_dati.geo_buildings,apartmentarea,-1,-1;livingarea "livingarea" true true false 8 Double 8 38,First,#,rd_gis.vzd_dati.geo_buildings,livingarea,-1,-1;apartmentutilityroomarea "apartmentutilityroomarea" true true false 8 Double 8 38,First,#,rd_gis.vzd_dati.geo_buildings,apartmentutilityroomarea,-1,-1;apartmentoutdoorarea "apartmentoutdoorarea" true true false 8 Double 8 38,First,#,rd_gis.vzd_dati.geo_buildings,apartmentoutdoorarea,-1,-1;notlivingroomarea "notlivingroomarea" true true false 8 Double 8 38,First,#,rd_gis.vzd_dati.geo_buildings,notlivingroomarea,-1,-1;notlivingindoorarea "notlivingindoorarea" true true false 8 Double 8 38,First,#,rd_gis.vzd_dati.geo_buildings,notlivingindoorarea,-1,-1;notlivingoutdoorarea "notlivingoutdoorarea" true true false 8 Double 8 38,First,#,rd_gis.vzd_dati.geo_buildings,notlivingoutdoorarea,-1,-1;sharedutilityroomarea "sharedutilityroomarea" true true false 8 Double 8 38,First,#,rd_gis.vzd_dati.geo_buildings,sharedutilityroomarea,-1,-1;sharedindoorarea "sharedindoorarea" true true false 8 Double 8 38,First,#,rd_gis.vzd_dati.geo_buildings,sharedindoorarea,-1,-1;sharedoutdoorarea "sharedoutdoorarea" true true false 8 Double 8 38,First,#,rd_gis.vzd_dati.geo_buildings,sharedoutdoorarea,-1,-1;squarearea "squarearea" true true false 8 Double 8 38,First,#,rd_gis.vzd_dati.geo_buildings,squarearea,-1,-1;surfacenumberoffloorspartial "surfacenumberoffloorspartial" true true false 2 Short 0 4,First,#,rd_gis.vzd_dati.geo_buildings,surfacenumberoffloorspartial,-1,-1;physicaldepreciationpartial "physicaldepreciationpartial" true true false 3 Text 0 0,First,#,rd_gis.vzd_dati.geo_buildings,physicaldepreciationpartial,0,2;lastsurveypartial "lastsurveypartial" true true false 8 Date 0 1,First,#,rd_gis.vzd_dati.geo_buildings,lastsurveypartial,-1,-1;sharedandnotlivingcount "sharedandnotlivingcount" true true false 2 Short 0 4,First,#,rd_gis.vzd_dati.geo_buildings,sharedandnotlivingcount,-1,-1;apartmentcount "apartmentcount" true true false 2 Short 0 4,First,#,rd_gis.vzd_dati.geo_buildings,apartmentcount,-1,-1;surfacenumberoffloors "surfacenumberoffloors" true true false 2 Short 0 4,First,#,rd_gis.vzd_dati.geo_buildings,surfacenumberoffloors,-1,-1;physicaldepreciation "physicaldepreciation" true true false 3 Text 0 0,First,#,rd_gis.vzd_dati.geo_buildings,physicaldepreciation,0,2;lastsurvey "lastsurvey" true true false 8 Date 0 1,First,#,rd_gis.vzd_dati.geo_buildings,lastsurvey,-1,-1;inventoryfilenumber "inventoryfilenumber" true true false 21 Text 0 0,First,#,rd_gis.vzd_dati.geo_buildings,inventoryfilenumber,0,20;buildingvolume "buildingvolume" true true false 8 Double 8 38,First,#,rd_gis.vzd_dati.geo_buildings,buildingvolume,-1,-1;distributioninapartments "distributioninapartments" true true false 18 Text 0 0,First,#,rd_gis.vzd_dati.geo_buildings,distributioninapartments,0,17;undividedparentproperty "undividedparentproperty" true true false 81 Text 0 0,First,#,rd_gis.vzd_dati.geo_buildings,undividedparentproperty,0,80;isnewbuilding "isnewbuilding" true true false 2 Text 0 0,First,#,rd_gis.vzd_dati.geo_buildings,isnewbuilding,0,1;type "type" true true false 12 Text 0 0,First,#,rd_gis.vzd_dati.geo_buildings,type,0,11;naturedoesnotexist "naturedoesnotexist" true true false 2 Text 0 0,First,#,rd_gis.vzd_dati.geo_buildings,naturedoesnotexist,0,1;functrelatedbuilding "functrelatedbuilding" true true false 4000 Text 0 0,First,#,rd_gis.vzd_dati.geo_buildings,functrelatedbuilding,0,3999;propertyname "propertyname" true true false 120 Text 0 0,First,#,rd_gis.vzd_dati.geo_buildings,propertyname,0,119;propertycadastrenumber "propertycadastrenumber" true true false 11 Text 0 0,First,#,rd_gis.vzd_dati.geo_buildings,propertycadastrenumber,0,10;shape_length "shape_length" true true false 8 Double 8 38,First,#,rd_gis.vzd_dati.geo_buildings,shape_length,-1,-1;shape_area "shape_area" true true false 8 Double 8 38,First,#,rd_gis.vzd_dati.geo_buildings,shape_area,-1,-1;krownershipname "krownershipname" true true false 500 Text 0 0,First,#,rd_gis.vzd_dati.geo_buildings,krownershipname,0,499;idkrownership "idkrownership" true true false 2 Short 0 4,First,#,rd_gis.vzd_dati.geo_buildings,idkrownership,-1,-1;crownershipmark "crownershipmark" true true false 300 Text 0 0,First,#,rd_gis.vzd_dati.geo_buildings,crownershipmark,0,299;crownershipmark_id "crownershipmark_id" true true false 4 Long 0 5,First,#,rd_gis.vzd_dati.geo_buildings,crownershipmark_id,-1,-1;objectcode "objectcode" true true false 30 Text 0 0,First,#,rd_gis.vzd_dati.geo_buildings,objectcode,0,29" #</Process><Process ToolSource="c:\program files\arcgis\pro\Resources\ArcToolbox\toolboxes\Data Management Tools.tbx\UpdateSchema" Date="20250414" Time="130642">UpdateSchema "CIMDATA=&lt;CIMStandardDataConnection xsi:type='typens:CIMStandardDataConnection' xmlns:xsi='http://www.w3.org/2001/XMLSchema-instance' xmlns:xs='http://www.w3.org/2001/XMLSchema' xmlns:typens='http://www.esri.com/schemas/ArcGIS/3.4.0'&gt;&lt;WorkspaceConnectionString&gt;DATABASE=Y:\DARBA_FAILI\Dace\Dati_izsniegsanai\multiclimact\multiclimact.gdb&lt;/WorkspaceConnectionString&gt;&lt;WorkspaceFactory&gt;FileGDB&lt;/WorkspaceFactory&gt;&lt;Dataset&gt;buildings_riga&lt;/Dataset&gt;&lt;DatasetType&gt;esriDTFeatureClass&lt;/DatasetType&gt;&lt;/CIMStandardDataConnection&gt;" &lt;operationSequence&gt;&lt;workflow&gt;&lt;AddField&gt;&lt;field_name&gt;country&lt;/field_name&gt;&lt;field_type&gt;TEXT&lt;/field_type&gt;&lt;field_length&gt;50&lt;/field_length&gt;&lt;field_is_nullable&gt;True&lt;/field_is_nullable&gt;&lt;field_is_required&gt;False&lt;/field_is_required&gt;&lt;/AddField&gt;&lt;/workflow&gt;&lt;/operationSequence&gt;</Process><Process ToolSource="c:\program files\arcgis\pro\Resources\ArcToolbox\toolboxes\Data Management Tools.tbx\CalculateField" Date="20250414" Time="130738">CalculateField buildings_riga country 'Latvia' PYTHON3 # TEXT NO_ENFORCE_DOMAINS</Process><Process ToolSource="c:\program files\arcgis\pro\Resources\ArcToolbox\toolboxes\Data Management Tools.tbx\UpdateSchema" Date="20250414" Time="131132">UpdateSchema "CIMDATA=&lt;CIMStandardDataConnection xsi:type='typens:CIMStandardDataConnection' xmlns:xsi='http://www.w3.org/2001/XMLSchema-instance' xmlns:xs='http://www.w3.org/2001/XMLSchema' xmlns:typens='http://www.esri.com/schemas/ArcGIS/3.4.0'&gt;&lt;WorkspaceConnectionString&gt;DATABASE=Y:\DARBA_FAILI\Dace\Dati_izsniegsanai\multiclimact\multiclimact.gdb&lt;/WorkspaceConnectionString&gt;&lt;WorkspaceFactory&gt;FileGDB&lt;/WorkspaceFactory&gt;&lt;Dataset&gt;buildings_riga&lt;/Dataset&gt;&lt;DatasetType&gt;esriDTFeatureClass&lt;/DatasetType&gt;&lt;/CIMStandardDataConnection&gt;" &lt;operationSequence&gt;&lt;workflow&gt;&lt;DeleteField&gt;&lt;field_name&gt;objectid_1&lt;/field_name&gt;&lt;field_name&gt;address&lt;/field_name&gt;&lt;field_name&gt;cadastrevalue&lt;/field_name&gt;&lt;field_name&gt;isacctualcadastrevalue&lt;/field_name&gt;&lt;/DeleteField&gt;&lt;/workflow&gt;&lt;/operationSequence&gt;</Process><Process ToolSource="c:\program files\arcgis\pro\Resources\ArcToolbox\toolboxes\Data Management Tools.tbx\UpdateSchema" Date="20250414" Time="131211">UpdateSchema "CIMDATA=&lt;CIMStandardDataConnection xsi:type='typens:CIMStandardDataConnection' xmlns:xsi='http://www.w3.org/2001/XMLSchema-instance' xmlns:xs='http://www.w3.org/2001/XMLSchema' xmlns:typens='http://www.esri.com/schemas/ArcGIS/3.4.0'&gt;&lt;WorkspaceConnectionString&gt;DATABASE=Y:\DARBA_FAILI\Dace\Dati_izsniegsanai\multiclimact\multiclimact.gdb&lt;/WorkspaceConnectionString&gt;&lt;WorkspaceFactory&gt;FileGDB&lt;/WorkspaceFactory&gt;&lt;Dataset&gt;buildings_riga&lt;/Dataset&gt;&lt;DatasetType&gt;esriDTFeatureClass&lt;/DatasetType&gt;&lt;/CIMStandardDataConnection&gt;" &lt;operationSequence&gt;&lt;workflow&gt;&lt;DeleteField&gt;&lt;field_name&gt;membershipstatuss&lt;/field_name&gt;&lt;/DeleteField&gt;&lt;/workflow&gt;&lt;/operationSequence&gt;</Process><Process ToolSource="c:\program files\arcgis\pro\Resources\ArcToolbox\toolboxes\Data Management Tools.tbx\UpdateSchema" Date="20250414" Time="132145">UpdateSchema "CIMDATA=&lt;CIMStandardDataConnection xsi:type='typens:CIMStandardDataConnection' xmlns:xsi='http://www.w3.org/2001/XMLSchema-instance' xmlns:xs='http://www.w3.org/2001/XMLSchema' xmlns:typens='http://www.esri.com/schemas/ArcGIS/3.4.0'&gt;&lt;WorkspaceConnectionString&gt;DATABASE=Y:\DARBA_FAILI\Dace\Dati_izsniegsanai\multiclimact\multiclimact.gdb&lt;/WorkspaceConnectionString&gt;&lt;WorkspaceFactory&gt;FileGDB&lt;/WorkspaceFactory&gt;&lt;Dataset&gt;buildings_riga&lt;/Dataset&gt;&lt;DatasetType&gt;esriDTFeatureClass&lt;/DatasetType&gt;&lt;/CIMStandardDataConnection&gt;" &lt;operationSequence&gt;&lt;workflow&gt;&lt;AlterField&gt;&lt;field_name&gt;country&lt;/field_name&gt;&lt;new_field_name&gt;Country&lt;/new_field_name&gt;&lt;field_type&gt;TEXT&lt;/field_type&gt;&lt;field_is_nullable&gt;True&lt;/field_is_nullable&gt;&lt;clear_field_alias&gt;False&lt;/clear_field_alias&gt;&lt;/AlterField&gt;&lt;/workflow&gt;&lt;workflow&gt;&lt;AddField&gt;&lt;field_name&gt;Footpr_m2&lt;/field_name&gt;&lt;field_type&gt;DOUBLE&lt;/field_type&gt;&lt;field_is_nullable&gt;True&lt;/field_is_nullable&gt;&lt;field_is_required&gt;False&lt;/field_is_required&gt;&lt;/AddField&gt;&lt;/workflow&gt;&lt;workflow&gt;&lt;AddField&gt;&lt;field_name&gt;Height&lt;/field_name&gt;&lt;field_type&gt;DOUBLE&lt;/field_type&gt;&lt;field_is_nullable&gt;True&lt;/field_is_nullable&gt;&lt;field_is_required&gt;False&lt;/field_is_required&gt;&lt;/AddField&gt;&lt;/workflow&gt;&lt;workflow&gt;&lt;AddField&gt;&lt;field_name&gt;Num_floors&lt;/field_name&gt;&lt;field_type&gt;LONG&lt;/field_type&gt;&lt;field_is_nullable&gt;True&lt;/field_is_nullable&gt;&lt;field_is_required&gt;False&lt;/field_is_required&gt;&lt;/AddField&gt;&lt;/workflow&gt;&lt;workflow&gt;&lt;AddField&gt;&lt;field_name&gt;Const_year&lt;/field_name&gt;&lt;field_type&gt;LONG&lt;/field_type&gt;&lt;field_is_nullable&gt;True&lt;/field_is_nullable&gt;&lt;field_is_required&gt;False&lt;/field_is_required&gt;&lt;/AddField&gt;&lt;/workflow&gt;&lt;workflow&gt;&lt;AddField&gt;&lt;field_name&gt;Use&lt;/field_name&gt;&lt;field_type&gt;TEXT&lt;/field_type&gt;&lt;field_length&gt;100&lt;/field_length&gt;&lt;field_is_nullable&gt;True&lt;/field_is_nullable&gt;&lt;field_is_required&gt;False&lt;/field_is_required&gt;&lt;/AddField&gt;&lt;/workflow&gt;&lt;workflow&gt;&lt;AddField&gt;&lt;field_name&gt;Gross_floor&lt;/field_name&gt;&lt;field_type&gt;DOUBLE&lt;/field_type&gt;&lt;field_is_nullable&gt;True&lt;/field_is_nullable&gt;&lt;field_is_required&gt;False&lt;/field_is_required&gt;&lt;/AddField&gt;&lt;/workflow&gt;&lt;workflow&gt;&lt;AddField&gt;&lt;field_name&gt;ROOFAREA&lt;/field_name&gt;&lt;field_type&gt;DOUBLE&lt;/field_type&gt;&lt;field_is_nullable&gt;True&lt;/field_is_nullable&gt;&lt;field_is_required&gt;False&lt;/field_is_required&gt;&lt;/AddField&gt;&lt;/workflow&gt;&lt;/operationSequence&gt;</Process><Process ToolSource="c:\program files\arcgis\pro\Resources\ArcToolbox\toolboxes\Data Management Tools.tbx\CalculateGeometryAttributes" Date="20250414" Time="132922">CalculateGeometryAttributes buildings_riga "Footpr_m2 AREA" # SQUARE_METERS PROJCS["LKS_1992_Latvia_TM",GEOGCS["GCS_LKS_1992",DATUM["D_Latvia_1992",SPHEROID["GRS_1980",6378137.0,298.257222101]],PRIMEM["Greenwich",0.0],UNIT["Degree",0.0174532925199433]],PROJECTION["Transverse_Mercator"],PARAMETER["False_Easting",500000.0],PARAMETER["False_Northing",-6000000.0],PARAMETER["Central_Meridian",24.0],PARAMETER["Scale_Factor",0.9996],PARAMETER["Latitude_Of_Origin",0.0],UNIT["Meter",1.0]] SAME_AS_INPUT</Process><Process ToolSource="c:\program files\arcgis\pro\Resources\ArcToolbox\toolboxes\Data Management Tools.tbx\UpdateSchema" Date="20250414" Time="135200">UpdateSchema "CIMDATA=&lt;CIMStandardDataConnection xsi:type='typens:CIMStandardDataConnection' xmlns:xsi='http://www.w3.org/2001/XMLSchema-instance' xmlns:xs='http://www.w3.org/2001/XMLSchema' xmlns:typens='http://www.esri.com/schemas/ArcGIS/3.4.0'&gt;&lt;WorkspaceConnectionString&gt;DATABASE=Y:\DARBA_FAILI\Dace\Dati_izsniegsanai\multiclimact\multiclimact.gdb&lt;/WorkspaceConnectionString&gt;&lt;WorkspaceFactory&gt;FileGDB&lt;/WorkspaceFactory&gt;&lt;Dataset&gt;buildings_riga&lt;/Dataset&gt;&lt;DatasetType&gt;esriDTFeatureClass&lt;/DatasetType&gt;&lt;/CIMStandardDataConnection&gt;" &lt;operationSequence&gt;&lt;workflow&gt;&lt;DeleteField&gt;&lt;field_name&gt;propertycadastrenumber&lt;/field_name&gt;&lt;field_name&gt;krownershipname&lt;/field_name&gt;&lt;field_name&gt;idkrownership&lt;/field_name&gt;&lt;field_name&gt;crownershipmark&lt;/field_name&gt;&lt;field_name&gt;crownershipmark_id&lt;/field_name&gt;&lt;/DeleteField&gt;&lt;/workflow&gt;&lt;/operationSequence&gt;</Process><Process ToolSource="c:\program files\arcgis\pro\Resources\ArcToolbox\toolboxes\Data Management Tools.tbx\UpdateSchema" Date="20250414" Time="135212">UpdateSchema "CIMDATA=&lt;CIMStandardDataConnection xsi:type='typens:CIMStandardDataConnection' xmlns:xsi='http://www.w3.org/2001/XMLSchema-instance' xmlns:xs='http://www.w3.org/2001/XMLSchema' xmlns:typens='http://www.esri.com/schemas/ArcGIS/3.4.0'&gt;&lt;WorkspaceConnectionString&gt;DATABASE=Y:\DARBA_FAILI\Dace\Dati_izsniegsanai\multiclimact\multiclimact.gdb&lt;/WorkspaceConnectionString&gt;&lt;WorkspaceFactory&gt;FileGDB&lt;/WorkspaceFactory&gt;&lt;Dataset&gt;buildings_riga&lt;/Dataset&gt;&lt;DatasetType&gt;esriDTFeatureClass&lt;/DatasetType&gt;&lt;/CIMStandardDataConnection&gt;" &lt;operationSequence&gt;&lt;workflow&gt;&lt;DeleteField&gt;&lt;field_name&gt;lastsurvey&lt;/field_name&gt;&lt;/DeleteField&gt;&lt;/workflow&gt;&lt;/operationSequence&gt;</Process><Process ToolSource="c:\program files\arcgis\pro\Resources\ArcToolbox\toolboxes\Data Management Tools.tbx\UpdateSchema" Date="20250414" Time="135235">UpdateSchema "CIMDATA=&lt;CIMStandardDataConnection xsi:type='typens:CIMStandardDataConnection' xmlns:xsi='http://www.w3.org/2001/XMLSchema-instance' xmlns:xs='http://www.w3.org/2001/XMLSchema' xmlns:typens='http://www.esri.com/schemas/ArcGIS/3.4.0'&gt;&lt;WorkspaceConnectionString&gt;DATABASE=Y:\DARBA_FAILI\Dace\Dati_izsniegsanai\multiclimact\multiclimact.gdb&lt;/WorkspaceConnectionString&gt;&lt;WorkspaceFactory&gt;FileGDB&lt;/WorkspaceFactory&gt;&lt;Dataset&gt;buildings_riga&lt;/Dataset&gt;&lt;DatasetType&gt;esriDTFeatureClass&lt;/DatasetType&gt;&lt;/CIMStandardDataConnection&gt;" &lt;operationSequence&gt;&lt;workflow&gt;&lt;DeleteField&gt;&lt;field_name&gt;propertyname&lt;/field_name&gt;&lt;field_name&gt;objectcode&lt;/field_name&gt;&lt;/DeleteField&gt;&lt;/workflow&gt;&lt;/operationSequence&gt;</Process><Process ToolSource="c:\program files\arcgis\pro\Resources\ArcToolbox\toolboxes\Data Management Tools.tbx\UpdateSchema" Date="20250414" Time="135304">UpdateSchema "CIMDATA=&lt;CIMStandardDataConnection xsi:type='typens:CIMStandardDataConnection' xmlns:xsi='http://www.w3.org/2001/XMLSchema-instance' xmlns:xs='http://www.w3.org/2001/XMLSchema' xmlns:typens='http://www.esri.com/schemas/ArcGIS/3.4.0'&gt;&lt;WorkspaceConnectionString&gt;DATABASE=Y:\DARBA_FAILI\Dace\Dati_izsniegsanai\multiclimact\multiclimact.gdb&lt;/WorkspaceConnectionString&gt;&lt;WorkspaceFactory&gt;FileGDB&lt;/WorkspaceFactory&gt;&lt;Dataset&gt;buildings_riga&lt;/Dataset&gt;&lt;DatasetType&gt;esriDTFeatureClass&lt;/DatasetType&gt;&lt;/CIMStandardDataConnection&gt;" &lt;operationSequence&gt;&lt;workflow&gt;&lt;DeleteField&gt;&lt;field_name&gt;isnewbuilding&lt;/field_name&gt;&lt;field_name&gt;type&lt;/field_name&gt;&lt;field_name&gt;naturedoesnotexist&lt;/field_name&gt;&lt;field_name&gt;functrelatedbuilding&lt;/field_name&gt;&lt;/DeleteField&gt;&lt;/workflow&gt;&lt;/operationSequence&gt;</Process><Process ToolSource="c:\program files\arcgis\pro\Resources\ArcToolbox\toolboxes\Data Management Tools.tbx\CalculateField" Date="20250414" Time="140235">CalculateField buildings_riga Const_year !exploitstartdate![-4:] PYTHON3 # TEXT NO_ENFORCE_DOMAINS</Process><Process ToolSource="c:\program files\arcgis\pro\Resources\ArcToolbox\toolboxes\Data Management Tools.tbx\CalculateField" Date="20250414" Time="140244">CalculateField buildings_riga Const_year !exploitstartdate![-4:] PYTHON3 # TEXT NO_ENFORCE_DOMAINS</Process><Process ToolSource="c:\program files\arcgis\pro\Resources\ArcToolbox\toolboxes\Data Management Tools.tbx\DeleteField" Date="20250414" Time="140338">DeleteField buildings_riga distributioninapartments DELETE_FIELDS</Process><Process ToolSource="c:\program files\arcgis\pro\Resources\ArcToolbox\toolboxes\Data Management Tools.tbx\UpdateSchema" Date="20250414" Time="140432">UpdateSchema "CIMDATA=&lt;CIMStandardDataConnection xsi:type='typens:CIMStandardDataConnection' xmlns:xsi='http://www.w3.org/2001/XMLSchema-instance' xmlns:xs='http://www.w3.org/2001/XMLSchema' xmlns:typens='http://www.esri.com/schemas/ArcGIS/3.4.0'&gt;&lt;WorkspaceConnectionString&gt;DATABASE=Y:\DARBA_FAILI\Dace\Dati_izsniegsanai\multiclimact\multiclimact.gdb&lt;/WorkspaceConnectionString&gt;&lt;WorkspaceFactory&gt;FileGDB&lt;/WorkspaceFactory&gt;&lt;Dataset&gt;buildings_riga&lt;/Dataset&gt;&lt;DatasetType&gt;esriDTFeatureClass&lt;/DatasetType&gt;&lt;/CIMStandardDataConnection&gt;" &lt;operationSequence&gt;&lt;workflow&gt;&lt;DeleteField&gt;&lt;field_name&gt;lastsurveypartial&lt;/field_name&gt;&lt;field_name&gt;sharedandnotlivingcount&lt;/field_name&gt;&lt;field_name&gt;apartmentcount&lt;/field_name&gt;&lt;field_name&gt;inventoryfilenumber&lt;/field_name&gt;&lt;/DeleteField&gt;&lt;/workflow&gt;&lt;/operationSequence&gt;</Process><Process ToolSource="c:\program files\arcgis\pro\Resources\ArcToolbox\toolboxes\Data Management Tools.tbx\UpdateSchema" Date="20250414" Time="140517">UpdateSchema "CIMDATA=&lt;CIMStandardDataConnection xsi:type='typens:CIMStandardDataConnection' xmlns:xsi='http://www.w3.org/2001/XMLSchema-instance' xmlns:xs='http://www.w3.org/2001/XMLSchema' xmlns:typens='http://www.esri.com/schemas/ArcGIS/3.4.0'&gt;&lt;WorkspaceConnectionString&gt;DATABASE=Y:\DARBA_FAILI\Dace\Dati_izsniegsanai\multiclimact\multiclimact.gdb&lt;/WorkspaceConnectionString&gt;&lt;WorkspaceFactory&gt;FileGDB&lt;/WorkspaceFactory&gt;&lt;Dataset&gt;buildings_riga&lt;/Dataset&gt;&lt;DatasetType&gt;esriDTFeatureClass&lt;/DatasetType&gt;&lt;/CIMStandardDataConnection&gt;" &lt;operationSequence&gt;&lt;workflow&gt;&lt;DeleteField&gt;&lt;field_name&gt;physicaldepreciation&lt;/field_name&gt;&lt;/DeleteField&gt;&lt;/workflow&gt;&lt;/operationSequence&gt;</Process><Process ToolSource="c:\program files\arcgis\pro\Resources\ArcToolbox\toolboxes\Data Management Tools.tbx\CalculateField" Date="20250414" Time="140553">CalculateField buildings_riga Num_floors !surfacenumberoffloors! PYTHON3 # TEXT NO_ENFORCE_DOMAINS</Process><Process ToolSource="c:\program files\arcgis\pro\Resources\ArcToolbox\toolboxes\Data Management Tools.tbx\UpdateSchema" Date="20250414" Time="140621">UpdateSchema "CIMDATA=&lt;CIMStandardDataConnection xsi:type='typens:CIMStandardDataConnection' xmlns:xsi='http://www.w3.org/2001/XMLSchema-instance' xmlns:xs='http://www.w3.org/2001/XMLSchema' xmlns:typens='http://www.esri.com/schemas/ArcGIS/3.4.0'&gt;&lt;WorkspaceConnectionString&gt;DATABASE=Y:\DARBA_FAILI\Dace\Dati_izsniegsanai\multiclimact\multiclimact.gdb&lt;/WorkspaceConnectionString&gt;&lt;WorkspaceFactory&gt;FileGDB&lt;/WorkspaceFactory&gt;&lt;Dataset&gt;buildings_riga&lt;/Dataset&gt;&lt;DatasetType&gt;esriDTFeatureClass&lt;/DatasetType&gt;&lt;/CIMStandardDataConnection&gt;" &lt;operationSequence&gt;&lt;workflow&gt;&lt;DeleteField&gt;&lt;field_name&gt;undividedparentproperty&lt;/field_name&gt;&lt;/DeleteField&gt;&lt;/workflow&gt;&lt;/operationSequence&gt;</Process><Process ToolSource="c:\program files\arcgis\pro\Resources\ArcToolbox\toolboxes\Data Management Tools.tbx\UpdateSchema" Date="20250414" Time="140629">UpdateSchema "CIMDATA=&lt;CIMStandardDataConnection xsi:type='typens:CIMStandardDataConnection' xmlns:xsi='http://www.w3.org/2001/XMLSchema-instance' xmlns:xs='http://www.w3.org/2001/XMLSchema' xmlns:typens='http://www.esri.com/schemas/ArcGIS/3.4.0'&gt;&lt;WorkspaceConnectionString&gt;DATABASE=Y:\DARBA_FAILI\Dace\Dati_izsniegsanai\multiclimact\multiclimact.gdb&lt;/WorkspaceConnectionString&gt;&lt;WorkspaceFactory&gt;FileGDB&lt;/WorkspaceFactory&gt;&lt;Dataset&gt;buildings_riga&lt;/Dataset&gt;&lt;DatasetType&gt;esriDTFeatureClass&lt;/DatasetType&gt;&lt;/CIMStandardDataConnection&gt;" &lt;operationSequence&gt;&lt;workflow&gt;&lt;DeleteField&gt;&lt;field_name&gt;physicaldepreciationpartial&lt;/field_name&gt;&lt;/DeleteField&gt;&lt;/workflow&gt;&lt;/operationSequence&gt;</Process><Process ToolSource="c:\program files\arcgis\pro\Resources\ArcToolbox\toolboxes\Data Management Tools.tbx\CalculateField" Date="20250414" Time="140716">CalculateField buildings_riga Num_floors !surfacenumberoffloors! PYTHON3 # TEXT NO_ENFORCE_DOMAINS</Process><Process ToolSource="c:\program files\arcgis\pro\Resources\ArcToolbox\toolboxes\Data Management Tools.tbx\CalculateField" Date="20250414" Time="140849">CalculateField buildings_riga Num_floors int(!surfacenumberoffloors!) PYTHON3 # TEXT NO_ENFORCE_DOMAINS</Process><Process ToolSource="c:\program files\arcgis\pro\Resources\ArcToolbox\toolboxes\Data Management Tools.tbx\CalculateField" Date="20250414" Time="140943">CalculateField buildings_riga Num_floors !surfacenumberoffloors! PYTHON3 # TEXT NO_ENFORCE_DOMAINS</Process><Process ToolSource="c:\program files\arcgis\pro\Resources\ArcToolbox\toolboxes\Data Management Tools.tbx\UpdateSchema" Date="20250414" Time="141243">UpdateSchema "CIMDATA=&lt;CIMStandardDataConnection xsi:type='typens:CIMStandardDataConnection' xmlns:xsi='http://www.w3.org/2001/XMLSchema-instance' xmlns:xs='http://www.w3.org/2001/XMLSchema' xmlns:typens='http://www.esri.com/schemas/ArcGIS/3.4.0'&gt;&lt;WorkspaceConnectionString&gt;DATABASE=Y:\DARBA_FAILI\Dace\Dati_izsniegsanai\multiclimact\multiclimact.gdb&lt;/WorkspaceConnectionString&gt;&lt;WorkspaceFactory&gt;FileGDB&lt;/WorkspaceFactory&gt;&lt;Dataset&gt;buildings_riga&lt;/Dataset&gt;&lt;DatasetType&gt;esriDTFeatureClass&lt;/DatasetType&gt;&lt;/CIMStandardDataConnection&gt;" &lt;operationSequence&gt;&lt;workflow&gt;&lt;DeleteField&gt;&lt;field_name&gt;sharedoutdoorarea&lt;/field_name&gt;&lt;field_name&gt;squarearea&lt;/field_name&gt;&lt;/DeleteField&gt;&lt;/workflow&gt;&lt;/operationSequence&gt;</Process><Process ToolSource="c:\program files\arcgis\pro\Resources\ArcToolbox\toolboxes\Data Management Tools.tbx\CalculateField" Date="20250414" Time="141804">CalculateField buildings_riga Gross_floor !totalarea! PYTHON3 # TEXT NO_ENFORCE_DOMAINS</Process><Process ToolSource="c:\program files\arcgis\pro\Resources\ArcToolbox\toolboxes\Data Management Tools.tbx\UpdateSchema" Date="20250414" Time="145152">UpdateSchema "CIMDATA=&lt;CIMStandardDataConnection xsi:type='typens:CIMStandardDataConnection' xmlns:xsi='http://www.w3.org/2001/XMLSchema-instance' xmlns:xs='http://www.w3.org/2001/XMLSchema' xmlns:typens='http://www.esri.com/schemas/ArcGIS/3.4.0'&gt;&lt;WorkspaceConnectionString&gt;DATABASE=Y:\DARBA_FAILI\Dace\Dati_izsniegsanai\multiclimact\multiclimact.gdb&lt;/WorkspaceConnectionString&gt;&lt;WorkspaceFactory&gt;FileGDB&lt;/WorkspaceFactory&gt;&lt;Dataset&gt;buildings_riga&lt;/Dataset&gt;&lt;DatasetType&gt;esriDTFeatureClass&lt;/DatasetType&gt;&lt;/CIMStandardDataConnection&gt;" &lt;operationSequence&gt;&lt;workflow&gt;&lt;DeleteField&gt;&lt;field_name&gt;totalarea&lt;/field_name&gt;&lt;field_name&gt;usefularea&lt;/field_name&gt;&lt;field_name&gt;apartmenttotalarea&lt;/field_name&gt;&lt;field_name&gt;apartmentarea&lt;/field_name&gt;&lt;field_name&gt;livingarea&lt;/field_name&gt;&lt;field_name&gt;apartmentutilityroomarea&lt;/field_name&gt;&lt;field_name&gt;apartmentoutdoorarea&lt;/field_name&gt;&lt;field_name&gt;notlivingroomarea&lt;/field_name&gt;&lt;field_name&gt;notlivingindoorarea&lt;/field_name&gt;&lt;field_name&gt;notlivingoutdoorarea&lt;/field_name&gt;&lt;field_name&gt;sharedutilityroomarea&lt;/field_name&gt;&lt;field_name&gt;sharedindoorarea&lt;/field_name&gt;&lt;field_name&gt;surfacenumberoffloorspartial&lt;/field_name&gt;&lt;field_name&gt;surfacenumberoffloors&lt;/field_name&gt;&lt;field_name&gt;buildingvolume&lt;/field_name&gt;&lt;/DeleteField&gt;&lt;/workflow&gt;&lt;/operationSequence&gt;</Process><Process ToolSource="c:\program files\arcgis\pro\Resources\ArcToolbox\toolboxes\Data Management Tools.tbx\UpdateSchema" Date="20250414" Time="150602">UpdateSchema "CIMDATA=&lt;CIMStandardDataConnection xsi:type='typens:CIMStandardDataConnection' xmlns:xsi='http://www.w3.org/2001/XMLSchema-instance' xmlns:xs='http://www.w3.org/2001/XMLSchema' xmlns:typens='http://www.esri.com/schemas/ArcGIS/3.4.0'&gt;&lt;WorkspaceConnectionString&gt;DATABASE=Y:\DARBA_FAILI\Dace\Dati_izsniegsanai\multiclimact\multiclimact.gdb&lt;/WorkspaceConnectionString&gt;&lt;WorkspaceFactory&gt;FileGDB&lt;/WorkspaceFactory&gt;&lt;Dataset&gt;buildings_riga&lt;/Dataset&gt;&lt;DatasetType&gt;esriDTFeatureClass&lt;/DatasetType&gt;&lt;/CIMStandardDataConnection&gt;" &lt;operationSequence&gt;&lt;workflow&gt;&lt;DeleteField&gt;&lt;field_name&gt;exploitstartdate&lt;/field_name&gt;&lt;/DeleteField&gt;&lt;/workflow&gt;&lt;/operationSequence&gt;</Process><Process ToolSource="c:\program files\arcgis\pro\Resources\ArcToolbox\toolboxes\Data Management Tools.tbx\CalculateField" Date="20250414" Time="151024">CalculateField buildings_riga Use 'Residential' PYTHON3 # TEXT NO_ENFORCE_DOMAINS</Process><Process ToolSource="c:\program files\arcgis\pro\Resources\ArcToolbox\toolboxes\Data Management Tools.tbx\CalculateField" Date="20250414" Time="151128">CalculateField buildings_riga Use 'Hotel' PYTHON3 # TEXT NO_ENFORCE_DOMAINS</Process><Process ToolSource="c:\program files\arcgis\pro\Resources\ArcToolbox\toolboxes\Data Management Tools.tbx\CalculateField" Date="20250414" Time="151229">CalculateField buildings_riga Use 'Office' PYTHON3 # TEXT NO_ENFORCE_DOMAINS</Process><Process ToolSource="c:\program files\arcgis\pro\Resources\ArcToolbox\toolboxes\Data Management Tools.tbx\CalculateField" Date="20250414" Time="151331">CalculateField buildings_riga Use 'Commerce' PYTHON3 # TEXT NO_ENFORCE_DOMAINS</Process><Process ToolSource="c:\program files\arcgis\pro\Resources\ArcToolbox\toolboxes\Data Management Tools.tbx\CalculateField" Date="20250414" Time="151753">CalculateField buildings_riga Use 'Education' PYTHON3 # TEXT NO_ENFORCE_DOMAINS</Process><Process ToolSource="c:\program files\arcgis\pro\Resources\ArcToolbox\toolboxes\Conversion Tools.tbx\ExportFeatures" Date="20250414" Time="181319">ExportFeatures buildings_riga Y:\DARBA_FAILI\Dace\Dati_izsniegsanai\multiclimact\multiclimact.gdb\buildings_riga_with_cadastraldata_opendata # NOT_USE_ALIAS "cadastrename "cadastrename" true true false 14 Text 0 0,First,#,buildings_riga,buildings_riga.cadastrename,0,13;mainusetype "mainusetype" true true false 341 Text 0 0,First,#,buildings_riga,buildings_riga.mainusetype,0,340;term "term" true true false 100 Text 0 0,First,#,buildings_riga,buildings_riga.term,0,99;buildingtype "buildingtype" true true false 1041 Text 0 0,First,#,buildings_riga,buildings_riga.buildingtype,0,1040;Footpr_m2 "Footprint area " true true false 8 Double 0 0,First,#,buildings_riga,buildings_riga.Footpr_m2,-1,-1;Height "Height" true true false 8 Double 0 0,First,#,buildings_riga,buildings_riga.Height,-1,-1;Num_floors "Number of floors " true true false 4 Long 0 0,First,#,buildings_riga,buildings_riga.Num_floors,-1,-1;Const_year "Year of construction" true true false 4 Long 0 0,First,#,buildings_riga,buildings_riga.Const_year,-1,-1;Use "Use" true true false 100 Text 0 0,First,#,buildings_riga,buildings_riga.Use,0,99;Gross_floor "Gross floor area " true true false 8 Double 0 0,First,#,buildings_riga,buildings_riga.Gross_floor,-1,-1;ROOFAREA "Roof area " true true false 8 Double 0 0,First,#,buildings_riga,buildings_riga.ROOFAREA,-1,-1;country "country" true true false 50 Text 0 0,First,#,buildings_riga,buildings_riga.country,0,49;BuildingItemList_BuildingItemDa "BuildingItemList#BuildingItemData#BuildingBasicData#BuildingCada" true true false 255 Text 0 0,First,#,buildings_riga,T_325F0B64_D519_6094_E064_B4B__2_$_.BuildingItemList_BuildingItemDa,0,254;BuildingItemList_BuildingItem_1 "BuildingItemList#BuildingItemData#BuildingBasicData#BuildingName" true true false 255 Text 0 0,First,#,buildings_riga,T_325F0B64_D519_6094_E064_B4B__2_$_.BuildingItemList_BuildingItem_1,0,254;BuildingItemList_BuildingItem_2 "BuildingItemList#BuildingItemData#BuildingBasicData#BuildingUseK" true true false 255 Text 0 0,First,#,buildings_riga,T_325F0B64_D519_6094_E064_B4B__2_$_.BuildingItemList_BuildingItem_2,0,254;BuildingItemList_BuildingItem_3 "BuildingItemList#BuildingItemData#BuildingBasicData#BuildingArea" true true false 255 Text 0 0,First,#,buildings_riga,T_325F0B64_D519_6094_E064_B4B__2_$_.BuildingItemList_BuildingItem_3,0,254;BuildingItemList_BuildingItem_4 "BuildingItemList#BuildingItemData#BuildingBasicData#BuildingCons" true true false 255 Text 0 0,First,#,buildings_riga,T_325F0B64_D519_6094_E064_B4B__2_$_.BuildingItemList_BuildingItem_4,0,254;BuildingItemList_BuildingItem_5 "BuildingItemList#BuildingItemData#BuildingBasicData#BuildingGrou" true true false 255 Text 0 0,First,#,buildings_riga,T_325F0B64_D519_6094_E064_B4B__2_$_.BuildingItemList_BuildingItem_5,0,254;BuildingItemList_BuildingItem_6 "BuildingItemList#BuildingItemData#BuildingBasicData#BuildingUnde" true true false 255 Text 0 0,First,#,buildings_riga,T_325F0B64_D519_6094_E064_B4B__2_$_.BuildingItemList_BuildingItem_6,0,254;BuildingItemList_BuildingItem_7 "BuildingItemList#BuildingItemData#BuildingBasicData#BuildingMate" true true false 255 Text 0 0,First,#,buildings_riga,T_325F0B64_D519_6094_E064_B4B__2_$_.BuildingItemList_BuildingItem_7,0,254;BuildingItemList_BuildingItem_8 "BuildingItemList#BuildingItemData#BuildingBasicData#BuildingMat1" true true false 255 Text 0 0,First,#,buildings_riga,T_325F0B64_D519_6094_E064_B4B__2_$_.BuildingItemList_BuildingItem_8,0,254;BuildingItemList_BuildingItem_9 "BuildingItemList#BuildingItemData#BuildingBasicData#BuildingExpl" true true false 255 Text 0 0,First,#,buildings_riga,T_325F0B64_D519_6094_E064_B4B__2_$_.BuildingItemList_BuildingItem_9,0,254;BuildingItemList_BuildingIte_10 "BuildingItemList#BuildingItemData#BuildingBasicData#BuildingDepr" true true false 255 Text 0 0,First,#,buildings_riga,T_325F0B64_D519_6094_E064_B4B__2_$_.BuildingItemList_BuildingIte_10,0,254;BuildingItemList_BuildingIte_11 "BuildingItemList#BuildingItemData#BuildingBasicData#BuildingSurv" true true false 255 Text 0 0,First,#,buildings_riga,T_325F0B64_D519_6094_E064_B4B__2_$_.BuildingItemList_BuildingIte_11,0,254;BuildingItemList_BuildingIte_12 "BuildingItemList#BuildingItemData#BuildingBasicData#EngineeringS" true true false 255 Text 0 0,First,#,buildings_riga,T_325F0B64_D519_6094_E064_B4B__2_$_.BuildingItemList_BuildingIte_12,0,254;BuildingItemList_BuildingIte_13 "BuildingItemList#BuildingItemData#BuildingBasicData#BuildingAcce" true true false 255 Text 0 0,First,#,buildings_riga,T_325F0B64_D519_6094_E064_B4B__2_$_.BuildingItemList_BuildingIte_13,0,254;BuildingItemList_BuildingIte_14 "BuildingItemList#BuildingItemData#BuildingTypeData#BuildingKind#" true true false 255 Text 0 0,First,#,buildings_riga,T_325F0B64_D519_6094_E064_B4B__2_$_.BuildingItemList_BuildingIte_14,0,254;BuildingItemList_BuildingIte_15 "BuildingItemList#BuildingItemData#BuildingTypeData#BuildingKind1" true true false 255 Text 0 0,First,#,buildings_riga,T_325F0B64_D519_6094_E064_B4B__2_$_.BuildingItemList_BuildingIte_15,0,254;ObjectID "ObjectID" false true false 4 Long 0 0,First,#,buildings_riga,T_325F0B64_D519_6094_E064_B4B__2_$_.ObjectID,-1,-1" #</Process><Process ToolSource="c:\program files\arcgis\pro\Resources\ArcToolbox\toolboxes\Data Management Tools.tbx\CalculateGeometryAttributes" Date="20250414" Time="181740">CalculateGeometryAttributes buildings_riga_with_cadastraldata_opendata "ROOFAREA AREA" # SQUARE_METERS PROJCS["LKS_1992_Latvia_TM",GEOGCS["GCS_LKS_1992",DATUM["D_Latvia_1992",SPHEROID["GRS_1980",6378137.0,298.257222101]],PRIMEM["Greenwich",0.0],UNIT["Degree",0.0174532925199433]],PROJECTION["Transverse_Mercator"],PARAMETER["False_Easting",500000.0],PARAMETER["False_Northing",-6000000.0],PARAMETER["Central_Meridian",24.0],PARAMETER["Scale_Factor",0.9996],PARAMETER["Latitude_Of_Origin",0.0],UNIT["Meter",1.0]] SAME_AS_INPUT</Process><Process ToolSource="c:\program files\arcgis\pro\Resources\ArcToolbox\toolboxes\Data Management Tools.tbx\CalculateField" Date="20250414" Time="181929">CalculateField buildings_riga_with_cadastraldata_opendata Footpr_m2 !BuildingItemList_BuildingItem_4! PYTHON3 # TEXT NO_ENFORCE_DOMAINS</Process><Process ToolSource="c:\program files\arcgis\pro\Resources\ArcToolbox\toolboxes\Data Management Tools.tbx\CalculateField" Date="20250414" Time="182318">CalculateField buildings_riga_with_cadastraldata_opendata Gross_floor !BuildingItemList_BuildingItem_3! PYTHON3 # TEXT NO_ENFORCE_DOMAINS</Process><Process ToolSource="c:\program files\arcgis\pro\Resources\ArcToolbox\toolboxes\Data Management Tools.tbx\UpdateSchema" Date="20250414" Time="182404">UpdateSchema "CIMDATA=&lt;CIMStandardDataConnection xsi:type='typens:CIMStandardDataConnection' xmlns:xsi='http://www.w3.org/2001/XMLSchema-instance' xmlns:xs='http://www.w3.org/2001/XMLSchema' xmlns:typens='http://www.esri.com/schemas/ArcGIS/3.4.0'&gt;&lt;WorkspaceConnectionString&gt;DATABASE=Y:\DARBA_FAILI\Dace\Dati_izsniegsanai\multiclimact\multiclimact.gdb&lt;/WorkspaceConnectionString&gt;&lt;WorkspaceFactory&gt;FileGDB&lt;/WorkspaceFactory&gt;&lt;Dataset&gt;buildings_riga_with_cadastraldata_opendata&lt;/Dataset&gt;&lt;DatasetType&gt;esriDTFeatureClass&lt;/DatasetType&gt;&lt;/CIMStandardDataConnection&gt;" &lt;operationSequence&gt;&lt;workflow&gt;&lt;DeleteField&gt;&lt;field_name&gt;BuildingItemList_BuildingItemDa&lt;/field_name&gt;&lt;field_name&gt;BuildingItemList_BuildingItem_1&lt;/field_name&gt;&lt;field_name&gt;BuildingItemList_BuildingItem_3&lt;/field_name&gt;&lt;field_name&gt;BuildingItemList_BuildingItem_4&lt;/field_name&gt;&lt;field_name&gt;ObjectID_1&lt;/field_name&gt;&lt;/DeleteField&gt;&lt;/workflow&gt;&lt;/operationSequence&gt;</Process><Process ToolSource="c:\program files\arcgis\pro\Resources\ArcToolbox\toolboxes\Data Management Tools.tbx\UpdateSchema" Date="20250414" Time="182423">UpdateSchema "CIMDATA=&lt;CIMStandardDataConnection xsi:type='typens:CIMStandardDataConnection' xmlns:xsi='http://www.w3.org/2001/XMLSchema-instance' xmlns:xs='http://www.w3.org/2001/XMLSchema' xmlns:typens='http://www.esri.com/schemas/ArcGIS/3.4.0'&gt;&lt;WorkspaceConnectionString&gt;DATABASE=Y:\DARBA_FAILI\Dace\Dati_izsniegsanai\multiclimact\multiclimact.gdb&lt;/WorkspaceConnectionString&gt;&lt;WorkspaceFactory&gt;FileGDB&lt;/WorkspaceFactory&gt;&lt;Dataset&gt;buildings_riga_with_cadastraldata_opendata&lt;/Dataset&gt;&lt;DatasetType&gt;esriDTFeatureClass&lt;/DatasetType&gt;&lt;/CIMStandardDataConnection&gt;" &lt;operationSequence&gt;&lt;workflow&gt;&lt;DeleteField&gt;&lt;field_name&gt;BuildingItemList_BuildingItem_2&lt;/field_name&gt;&lt;/DeleteField&gt;&lt;/workflow&gt;&lt;/operationSequence&gt;</Process><Process ToolSource="c:\program files\arcgis\pro\Resources\ArcToolbox\toolboxes\Data Management Tools.tbx\CalculateField" Date="20250414" Time="182539">CalculateField buildings_riga_with_cadastraldata_opendata Num_floors !BuildingItemList_BuildingItem_5! PYTHON3 # TEXT NO_ENFORCE_DOMAINS</Process><Process ToolSource="c:\program files\arcgis\pro\Resources\ArcToolbox\toolboxes\Data Management Tools.tbx\UpdateSchema" Date="20250414" Time="182726">UpdateSchema "CIMDATA=&lt;CIMStandardDataConnection xsi:type='typens:CIMStandardDataConnection' xmlns:xsi='http://www.w3.org/2001/XMLSchema-instance' xmlns:xs='http://www.w3.org/2001/XMLSchema' xmlns:typens='http://www.esri.com/schemas/ArcGIS/3.4.0'&gt;&lt;WorkspaceConnectionString&gt;DATABASE=Y:\DARBA_FAILI\Dace\Dati_izsniegsanai\multiclimact\multiclimact.gdb&lt;/WorkspaceConnectionString&gt;&lt;WorkspaceFactory&gt;FileGDB&lt;/WorkspaceFactory&gt;&lt;Dataset&gt;buildings_riga_with_cadastraldata_opendata&lt;/Dataset&gt;&lt;DatasetType&gt;esriDTFeatureClass&lt;/DatasetType&gt;&lt;/CIMStandardDataConnection&gt;" &lt;operationSequence&gt;&lt;workflow&gt;&lt;DeleteField&gt;&lt;field_name&gt;BuildingItemList_BuildingItem_5&lt;/field_name&gt;&lt;/DeleteField&gt;&lt;/workflow&gt;&lt;/operationSequence&gt;</Process><Process ToolSource="c:\program files\arcgis\pro\Resources\ArcToolbox\toolboxes\Data Management Tools.tbx\UpdateSchema" Date="20250414" Time="183243">UpdateSchema "CIMDATA=&lt;CIMStandardDataConnection xsi:type='typens:CIMStandardDataConnection' xmlns:xsi='http://www.w3.org/2001/XMLSchema-instance' xmlns:xs='http://www.w3.org/2001/XMLSchema' xmlns:typens='http://www.esri.com/schemas/ArcGIS/3.4.0'&gt;&lt;WorkspaceConnectionString&gt;DATABASE=Y:\DARBA_FAILI\Dace\Dati_izsniegsanai\multiclimact\multiclimact.gdb&lt;/WorkspaceConnectionString&gt;&lt;WorkspaceFactory&gt;FileGDB&lt;/WorkspaceFactory&gt;&lt;Dataset&gt;buildings_riga_with_cadastraldata_opendata&lt;/Dataset&gt;&lt;DatasetType&gt;esriDTFeatureClass&lt;/DatasetType&gt;&lt;/CIMStandardDataConnection&gt;" &lt;operationSequence&gt;&lt;workflow&gt;&lt;AddField&gt;&lt;field_name&gt;undergr_fl&lt;/field_name&gt;&lt;field_type&gt;LONG&lt;/field_type&gt;&lt;field_is_nullable&gt;True&lt;/field_is_nullable&gt;&lt;field_is_required&gt;False&lt;/field_is_required&gt;&lt;/AddField&gt;&lt;/workflow&gt;&lt;/operationSequence&gt;</Process><Process ToolSource="c:\program files\arcgis\pro\Resources\ArcToolbox\toolboxes\Data Management Tools.tbx\CalculateField" Date="20250414" Time="183258">CalculateField buildings_riga_with_cadastraldata_opendata undergr_fl !BuildingItemList_BuildingItem_6! PYTHON3 # TEXT NO_ENFORCE_DOMAINS</Process><Process ToolSource="c:\program files\arcgis\pro\Resources\ArcToolbox\toolboxes\Data Management Tools.tbx\UpdateSchema" Date="20250414" Time="183323">UpdateSchema "CIMDATA=&lt;CIMStandardDataConnection xsi:type='typens:CIMStandardDataConnection' xmlns:xsi='http://www.w3.org/2001/XMLSchema-instance' xmlns:xs='http://www.w3.org/2001/XMLSchema' xmlns:typens='http://www.esri.com/schemas/ArcGIS/3.4.0'&gt;&lt;WorkspaceConnectionString&gt;DATABASE=Y:\DARBA_FAILI\Dace\Dati_izsniegsanai\multiclimact\multiclimact.gdb&lt;/WorkspaceConnectionString&gt;&lt;WorkspaceFactory&gt;FileGDB&lt;/WorkspaceFactory&gt;&lt;Dataset&gt;buildings_riga_with_cadastraldata_opendata&lt;/Dataset&gt;&lt;DatasetType&gt;esriDTFeatureClass&lt;/DatasetType&gt;&lt;/CIMStandardDataConnection&gt;" &lt;operationSequence&gt;&lt;workflow&gt;&lt;DeleteField&gt;&lt;field_name&gt;BuildingItemList_BuildingItem_6&lt;/field_name&gt;&lt;/DeleteField&gt;&lt;/workflow&gt;&lt;workflow&gt;&lt;AlterField&gt;&lt;field_name&gt;undergr_fl&lt;/field_name&gt;&lt;new_field_name&gt;Undergr_fl&lt;/new_field_name&gt;&lt;field_is_nullable&gt;True&lt;/field_is_nullable&gt;&lt;clear_field_alias&gt;False&lt;/clear_field_alias&gt;&lt;/AlterField&gt;&lt;/workflow&gt;&lt;/operationSequence&gt;</Process><Process ToolSource="c:\program files\arcgis\pro\Resources\ArcToolbox\toolboxes\Data Management Tools.tbx\UpdateSchema" Date="20250414" Time="183330">UpdateSchema "CIMDATA=&lt;CIMStandardDataConnection xsi:type='typens:CIMStandardDataConnection' xmlns:xsi='http://www.w3.org/2001/XMLSchema-instance' xmlns:xs='http://www.w3.org/2001/XMLSchema' xmlns:typens='http://www.esri.com/schemas/ArcGIS/3.4.0'&gt;&lt;WorkspaceConnectionString&gt;DATABASE=Y:\DARBA_FAILI\Dace\Dati_izsniegsanai\multiclimact\multiclimact.gdb&lt;/WorkspaceConnectionString&gt;&lt;WorkspaceFactory&gt;FileGDB&lt;/WorkspaceFactory&gt;&lt;Dataset&gt;buildings_riga_with_cadastraldata_opendata&lt;/Dataset&gt;&lt;DatasetType&gt;esriDTFeatureClass&lt;/DatasetType&gt;&lt;/CIMStandardDataConnection&gt;" &lt;operationSequence&gt;&lt;workflow&gt;&lt;DeleteField&gt;&lt;field_name&gt;BuildingItemList_BuildingItem_7&lt;/field_name&gt;&lt;/DeleteField&gt;&lt;/workflow&gt;&lt;/operationSequence&gt;</Process><Process ToolSource="c:\program files\arcgis\pro\Resources\ArcToolbox\toolboxes\Data Management Tools.tbx\UpdateSchema" Date="20250414" Time="183341">UpdateSchema "CIMDATA=&lt;CIMStandardDataConnection xsi:type='typens:CIMStandardDataConnection' xmlns:xsi='http://www.w3.org/2001/XMLSchema-instance' xmlns:xs='http://www.w3.org/2001/XMLSchema' xmlns:typens='http://www.esri.com/schemas/ArcGIS/3.4.0'&gt;&lt;WorkspaceConnectionString&gt;DATABASE=Y:\DARBA_FAILI\Dace\Dati_izsniegsanai\multiclimact\multiclimact.gdb&lt;/WorkspaceConnectionString&gt;&lt;WorkspaceFactory&gt;FileGDB&lt;/WorkspaceFactory&gt;&lt;Dataset&gt;buildings_riga_with_cadastraldata_opendata&lt;/Dataset&gt;&lt;DatasetType&gt;esriDTFeatureClass&lt;/DatasetType&gt;&lt;/CIMStandardDataConnection&gt;" &lt;operationSequence&gt;&lt;workflow&gt;&lt;DeleteField&gt;&lt;field_name&gt;BuildingItemList_BuildingItem_8&lt;/field_name&gt;&lt;/DeleteField&gt;&lt;/workflow&gt;&lt;/operationSequence&gt;</Process><Process ToolSource="c:\program files\arcgis\pro\Resources\ArcToolbox\toolboxes\Data Management Tools.tbx\UpdateSchema" Date="20250414" Time="183452">UpdateSchema "CIMDATA=&lt;CIMStandardDataConnection xsi:type='typens:CIMStandardDataConnection' xmlns:xsi='http://www.w3.org/2001/XMLSchema-instance' xmlns:xs='http://www.w3.org/2001/XMLSchema' xmlns:typens='http://www.esri.com/schemas/ArcGIS/3.4.0'&gt;&lt;WorkspaceConnectionString&gt;DATABASE=Y:\DARBA_FAILI\Dace\Dati_izsniegsanai\multiclimact\multiclimact.gdb&lt;/WorkspaceConnectionString&gt;&lt;WorkspaceFactory&gt;FileGDB&lt;/WorkspaceFactory&gt;&lt;Dataset&gt;buildings_riga_with_cadastraldata_opendata&lt;/Dataset&gt;&lt;DatasetType&gt;esriDTFeatureClass&lt;/DatasetType&gt;&lt;/CIMStandardDataConnection&gt;" &lt;operationSequence&gt;&lt;workflow&gt;&lt;DeleteField&gt;&lt;field_name&gt;BuildingItemList_BuildingIte_10&lt;/field_name&gt;&lt;field_name&gt;BuildingItemList_BuildingIte_11&lt;/field_name&gt;&lt;/DeleteField&gt;&lt;/workflow&gt;&lt;/operationSequence&gt;</Process><Process ToolSource="c:\program files\arcgis\pro\Resources\ArcToolbox\toolboxes\Data Management Tools.tbx\UpdateSchema" Date="20250414" Time="183547">UpdateSchema "CIMDATA=&lt;CIMStandardDataConnection xsi:type='typens:CIMStandardDataConnection' xmlns:xsi='http://www.w3.org/2001/XMLSchema-instance' xmlns:xs='http://www.w3.org/2001/XMLSchema' xmlns:typens='http://www.esri.com/schemas/ArcGIS/3.4.0'&gt;&lt;WorkspaceConnectionString&gt;DATABASE=Y:\DARBA_FAILI\Dace\Dati_izsniegsanai\multiclimact\multiclimact.gdb&lt;/WorkspaceConnectionString&gt;&lt;WorkspaceFactory&gt;FileGDB&lt;/WorkspaceFactory&gt;&lt;Dataset&gt;buildings_riga_with_cadastraldata_opendata&lt;/Dataset&gt;&lt;DatasetType&gt;esriDTFeatureClass&lt;/DatasetType&gt;&lt;/CIMStandardDataConnection&gt;" &lt;operationSequence&gt;&lt;workflow&gt;&lt;AlterField&gt;&lt;field_name&gt;BuildingItemList_BuildingItem_9&lt;/field_name&gt;&lt;new_field_name&gt;expl_year&lt;/new_field_name&gt;&lt;field_type&gt;TEXT&lt;/field_type&gt;&lt;field_is_nullable&gt;True&lt;/field_is_nullable&gt;&lt;clear_field_alias&gt;False&lt;/clear_field_alias&gt;&lt;/AlterField&gt;&lt;/workflow&gt;&lt;/operationSequence&gt;</Process><Process ToolSource="c:\program files\arcgis\pro\Resources\ArcToolbox\toolboxes\Data Management Tools.tbx\UpdateSchema" Date="20250414" Time="184038">UpdateSchema "CIMDATA=&lt;CIMStandardDataConnection xsi:type='typens:CIMStandardDataConnection' xmlns:xsi='http://www.w3.org/2001/XMLSchema-instance' xmlns:xs='http://www.w3.org/2001/XMLSchema' xmlns:typens='http://www.esri.com/schemas/ArcGIS/3.4.0'&gt;&lt;WorkspaceConnectionString&gt;DATABASE=Y:\DARBA_FAILI\Dace\Dati_izsniegsanai\multiclimact\multiclimact.gdb&lt;/WorkspaceConnectionString&gt;&lt;WorkspaceFactory&gt;FileGDB&lt;/WorkspaceFactory&gt;&lt;Dataset&gt;buildings_riga_with_cadastraldata_opendata&lt;/Dataset&gt;&lt;DatasetType&gt;esriDTFeatureClass&lt;/DatasetType&gt;&lt;/CIMStandardDataConnection&gt;" &lt;operationSequence&gt;&lt;workflow&gt;&lt;DeleteField&gt;&lt;field_name&gt;expl_year&lt;/field_name&gt;&lt;/DeleteField&gt;&lt;/workflow&gt;&lt;/operationSequence&gt;</Process><Process ToolSource="c:\program files\arcgis\pro\Resources\ArcToolbox\toolboxes\Data Management Tools.tbx\UpdateSchema" Date="20250414" Time="184122">UpdateSchema "CIMDATA=&lt;CIMStandardDataConnection xsi:type='typens:CIMStandardDataConnection' xmlns:xsi='http://www.w3.org/2001/XMLSchema-instance' xmlns:xs='http://www.w3.org/2001/XMLSchema' xmlns:typens='http://www.esri.com/schemas/ArcGIS/3.4.0'&gt;&lt;WorkspaceConnectionString&gt;DATABASE=Y:\DARBA_FAILI\Dace\Dati_izsniegsanai\multiclimact\multiclimact.gdb&lt;/WorkspaceConnectionString&gt;&lt;WorkspaceFactory&gt;FileGDB&lt;/WorkspaceFactory&gt;&lt;Dataset&gt;buildings_riga_with_cadastraldata_opendata&lt;/Dataset&gt;&lt;DatasetType&gt;esriDTFeatureClass&lt;/DatasetType&gt;&lt;/CIMStandardDataConnection&gt;" &lt;operationSequence&gt;&lt;workflow&gt;&lt;DeleteField&gt;&lt;field_name&gt;BuildingItemList_BuildingIte_12&lt;/field_name&gt;&lt;field_name&gt;BuildingItemList_BuildingIte_13&lt;/field_name&gt;&lt;/DeleteField&gt;&lt;/workflow&gt;&lt;workflow&gt;&lt;AlterField&gt;&lt;field_name&gt;country&lt;/field_name&gt;&lt;new_field_name&gt;Country&lt;/new_field_name&gt;&lt;field_type&gt;TEXT&lt;/field_type&gt;&lt;field_is_nullable&gt;True&lt;/field_is_nullable&gt;&lt;clear_field_alias&gt;False&lt;/clear_field_alias&gt;&lt;/AlterField&gt;&lt;/workflow&gt;&lt;/operationSequence&gt;</Process><Process ToolSource="c:\program files\arcgis\pro\Resources\ArcToolbox\toolboxes\Data Management Tools.tbx\UpdateSchema" Date="20250414" Time="184511">UpdateSchema "CIMDATA=&lt;CIMStandardDataConnection xsi:type='typens:CIMStandardDataConnection' xmlns:xsi='http://www.w3.org/2001/XMLSchema-instance' xmlns:xs='http://www.w3.org/2001/XMLSchema' xmlns:typens='http://www.esri.com/schemas/ArcGIS/3.4.0'&gt;&lt;WorkspaceConnectionString&gt;DATABASE=Y:\DARBA_FAILI\Dace\Dati_izsniegsanai\multiclimact\multiclimact.gdb&lt;/WorkspaceConnectionString&gt;&lt;WorkspaceFactory&gt;FileGDB&lt;/WorkspaceFactory&gt;&lt;Dataset&gt;buildings_riga_with_cadastraldata_opendata&lt;/Dataset&gt;&lt;DatasetType&gt;esriDTFeatureClass&lt;/DatasetType&gt;&lt;/CIMStandardDataConnection&gt;" &lt;operationSequence&gt;&lt;workflow&gt;&lt;DeleteField&gt;&lt;field_name&gt;BuildingItemList_BuildingIte_14&lt;/field_name&gt;&lt;field_name&gt;BuildingItemList_BuildingIte_15&lt;/field_name&gt;&lt;/DeleteField&gt;&lt;/workflow&gt;&lt;/operationSequence&gt;</Process><Process ToolSource="c:\program files\arcgis\pro\Resources\ArcToolbox\toolboxes\Data Management Tools.tbx\UpdateSchema" Date="20250414" Time="184743">UpdateSchema "CIMDATA=&lt;CIMStandardDataConnection xsi:type='typens:CIMStandardDataConnection' xmlns:xsi='http://www.w3.org/2001/XMLSchema-instance' xmlns:xs='http://www.w3.org/2001/XMLSchema' xmlns:typens='http://www.esri.com/schemas/ArcGIS/3.4.0'&gt;&lt;WorkspaceConnectionString&gt;DATABASE=Y:\DARBA_FAILI\Dace\Dati_izsniegsanai\multiclimact\multiclimact.gdb&lt;/WorkspaceConnectionString&gt;&lt;WorkspaceFactory&gt;FileGDB&lt;/WorkspaceFactory&gt;&lt;Dataset&gt;buildings_riga_with_cadastraldata_opendata&lt;/Dataset&gt;&lt;DatasetType&gt;esriDTFeatureClass&lt;/DatasetType&gt;&lt;/CIMStandardDataConnection&gt;" &lt;operationSequence&gt;&lt;workflow&gt;&lt;AddField&gt;&lt;field_name&gt;Cult_Herit&lt;/field_name&gt;&lt;field_type&gt;LONG&lt;/field_type&gt;&lt;field_is_nullable&gt;True&lt;/field_is_nullable&gt;&lt;field_is_required&gt;False&lt;/field_is_required&gt;&lt;/AddField&gt;&lt;/workflow&gt;&lt;/operationSequence&gt;</Process><Process ToolSource="c:\program files\arcgis\pro\Resources\ArcToolbox\toolboxes\Data Management Tools.tbx\UpdateSchema" Date="20250414" Time="184803">UpdateSchema "CIMDATA=&lt;CIMStandardDataConnection xsi:type='typens:CIMStandardDataConnection' xmlns:xsi='http://www.w3.org/2001/XMLSchema-instance' xmlns:xs='http://www.w3.org/2001/XMLSchema' xmlns:typens='http://www.esri.com/schemas/ArcGIS/3.4.0'&gt;&lt;WorkspaceConnectionString&gt;DATABASE=Y:\DARBA_FAILI\Dace\Dati_izsniegsanai\multiclimact\multiclimact.gdb&lt;/WorkspaceConnectionString&gt;&lt;WorkspaceFactory&gt;FileGDB&lt;/WorkspaceFactory&gt;&lt;Dataset&gt;buildings_riga_with_cadastraldata_opendata&lt;/Dataset&gt;&lt;DatasetType&gt;esriDTFeatureClass&lt;/DatasetType&gt;&lt;/CIMStandardDataConnection&gt;" &lt;operationSequence&gt;&lt;workflow&gt;&lt;DeleteField&gt;&lt;field_name&gt;Cult_Herit&lt;/field_name&gt;&lt;/DeleteField&gt;&lt;/workflow&gt;&lt;/operationSequence&gt;</Process><Process ToolSource="c:\program files\arcgis\pro\Resources\ArcToolbox\toolboxes\Data Management Tools.tbx\UpdateSchema" Date="20250414" Time="192516">UpdateSchema "CIMDATA=&lt;CIMStandardDataConnection xsi:type='typens:CIMStandardDataConnection' xmlns:xsi='http://www.w3.org/2001/XMLSchema-instance' xmlns:xs='http://www.w3.org/2001/XMLSchema' xmlns:typens='http://www.esri.com/schemas/ArcGIS/3.4.0'&gt;&lt;WorkspaceConnectionString&gt;DATABASE=Y:\DARBA_FAILI\Dace\Dati_izsniegsanai\multiclimact\multiclimact.gdb&lt;/WorkspaceConnectionString&gt;&lt;WorkspaceFactory&gt;FileGDB&lt;/WorkspaceFactory&gt;&lt;Dataset&gt;buildings_riga_with_cadastraldata_opendata&lt;/Dataset&gt;&lt;DatasetType&gt;esriDTFeatureClass&lt;/DatasetType&gt;&lt;/CIMStandardDataConnection&gt;" &lt;operationSequence&gt;&lt;workflow&gt;&lt;AddField&gt;&lt;field_name&gt;Cult_mon&lt;/field_name&gt;&lt;field_type&gt;TEXT&lt;/field_type&gt;&lt;field_length&gt;255&lt;/field_length&gt;&lt;field_is_nullable&gt;True&lt;/field_is_nullable&gt;&lt;field_is_required&gt;False&lt;/field_is_required&gt;&lt;/AddField&gt;&lt;/workflow&gt;&lt;/operationSequence&gt;</Process><Process ToolSource="c:\program files\arcgis\pro\Resources\ArcToolbox\toolboxes\Data Management Tools.tbx\UpdateSchema" Date="20250414" Time="192804">UpdateSchema "CIMDATA=&lt;CIMStandardDataConnection xsi:type='typens:CIMStandardDataConnection' xmlns:xsi='http://www.w3.org/2001/XMLSchema-instance' xmlns:xs='http://www.w3.org/2001/XMLSchema' xmlns:typens='http://www.esri.com/schemas/ArcGIS/3.4.0'&gt;&lt;WorkspaceConnectionString&gt;DATABASE=Y:\DARBA_FAILI\Dace\Dati_izsniegsanai\multiclimact\multiclimact.gdb&lt;/WorkspaceConnectionString&gt;&lt;WorkspaceFactory&gt;FileGDB&lt;/WorkspaceFactory&gt;&lt;Dataset&gt;buildings_riga_with_cadastraldata_opendata&lt;/Dataset&gt;&lt;DatasetType&gt;esriDTFeatureClass&lt;/DatasetType&gt;&lt;/CIMStandardDataConnection&gt;" &lt;operationSequence&gt;&lt;workflow&gt;&lt;AddField&gt;&lt;field_name&gt;Cult_type&lt;/field_name&gt;&lt;field_type&gt;TEXT&lt;/field_type&gt;&lt;field_length&gt;255&lt;/field_length&gt;&lt;field_is_nullable&gt;True&lt;/field_is_nullable&gt;&lt;field_is_required&gt;False&lt;/field_is_required&gt;&lt;/AddField&gt;&lt;/workflow&gt;&lt;/operationSequence&gt;</Process><Process ToolSource="c:\program files\arcgis\pro\Resources\ArcToolbox\toolboxes\Conversion Tools.tbx\ExportFeatures" Date="20250414" Time="202413">ExportFeatures buildings_riga_with_cadastraldata_opendata Y:\DARBA_FAILI\Dace\Dati_izsniegsanai\multiclimact\multiclimact.gdb\Riga_buildings_v1 # NOT_USE_ALIAS "cadastrename "Cadastral designation" true true false 14 Text 0 0,First,#,buildings_riga_with_cadastraldata_opendata,cadastrename,0,13;Footpr_m2 "Footprint area " true true false 8 Double 0 0,First,#,buildings_riga_with_cadastraldata_opendata,Footpr_m2,-1,-1;Gross_floor "Gross floor area" true true false 8 Double 0 0,First,#,buildings_riga_with_cadastraldata_opendata,Gross_floor,-1,-1;ROOFAREA "Roof area" true true false 8 Double 0 0,First,#,buildings_riga_with_cadastraldata_opendata,ROOFAREA,-1,-1;Height "Height" true true false 8 Double 0 0,First,#,buildings_riga_with_cadastraldata_opendata,Height,-1,-1;Num_floors "Number of floors" true true false 4 Long 0 0,First,#,buildings_riga_with_cadastraldata_opendata,Num_floors,-1,-1;undergr_fl "Number of underground floors" true true false 4 Long 0 0,First,#,buildings_riga_with_cadastraldata_opendata,undergr_fl,-1,-1;Const_year "Year of construction" true true false 4 Long 0 0,First,#,buildings_riga_with_cadastraldata_opendata,Const_year,-1,-1;mainusetype "Main use type" true true false 341 Text 0 0,First,#,buildings_riga_with_cadastraldata_opendata,mainusetype,0,340;term "term" true true false 100 Text 0 0,First,#,buildings_riga_with_cadastraldata_opendata,term,0,99;buildingtype "buildingtype" true true false 1041 Text 0 0,First,#,buildings_riga_with_cadastraldata_opendata,buildingtype,0,1040;Use "Use" true true false 100 Text 0 0,First,#,buildings_riga_with_cadastraldata_opendata,Use,0,99;Country "Country" true true false 50 Text 0 0,First,#,buildings_riga_with_cadastraldata_opendata,country,0,49;Cult_mon "Cultural monument" true true false 255 Text 0 0,First,#,buildings_riga_with_cadastraldata_opendata,Cult_mon,0,254;Cult_type "Typological group of cultural monument" true true false 255 Text 0 0,First,#,buildings_riga_with_cadastraldata_opendata,Cult_type,0,254" #</Process><Process ToolSource="c:\program files\arcgis\pro\Resources\ArcToolbox\toolboxes\Conversion Tools.tbx\ExportFeatures" Date="20250414" Time="204729">ExportFeatures Riga_buildings_v1 Y:\DARBA_FAILI\Dace\Dati_izsniegsanai\multiclimact\Riga_buildings_v1\Riga_buildings_v1.shp # NOT_USE_ALIAS "cadastrename "Cadastral designation" true true false 14 Text 0 0,First,#,Riga_buildings_v1,cadastrename,0,13;Footpr_m2 "Footprint area " true true false 8 Double 0 0,First,#,Riga_buildings_v1,Footpr_m2,-1,-1;Gross_floor "Gross floor area" true true false 8 Double 0 0,First,#,Riga_buildings_v1,Gross_floor,-1,-1;ROOFAREA "Roof area" true true false 8 Double 0 0,First,#,Riga_buildings_v1,ROOFAREA,-1,-1;Height "Height" true true false 8 Double 0 0,First,#,Riga_buildings_v1,Height,-1,-1;Num_floors "Number of floors" true true false 4 Long 0 0,First,#,Riga_buildings_v1,Num_floors,-1,-1;undergr_fl "Number of underground floors" true true false 4 Long 0 0,First,#,Riga_buildings_v1,undergr_fl,-1,-1;Const_year "Year of construction" true true false 4 Long 0 0,First,#,Riga_buildings_v1,Const_year,-1,-1;mainusetype "Main use type" true true false 341 Text 0 0,First,#,Riga_buildings_v1,mainusetype,0,340;term "term" true true false 100 Text 0 0,First,#,Riga_buildings_v1,term,0,99;buildingtype "buildingtype" true true false 1041 Text 0 0,First,#,Riga_buildings_v1,buildingtype,0,1040;Use "Use" true true false 100 Text 0 0,First,#,Riga_buildings_v1,Use,0,99;Country "Country" true true false 50 Text 0 0,First,#,Riga_buildings_v1,Country,0,49;Cult_mon "Cultural monument" true true false 255 Text 0 0,First,#,Riga_buildings_v1,Cult_mon,0,254;Cult_type "Typological group of cultural monument" true true false 255 Text 0 0,First,#,Riga_buildings_v1,Cult_type,0,254;Shape_Length "Shape_Length" false true true 8 Double 0 0,First,#,Riga_buildings_v1,Shape_Length,-1,-1;Shape_Area "Shape_Area" false true true 8 Double 0 0,First,#,Riga_buildings_v1,Shape_Area,-1,-1" #</Process></lineage><itemProps><itemName Sync="TRUE">Riga_buildings_v1</itemName><imsContentType Sync="TRUE">002</imsContentType><itemLocation><linkage Sync="TRUE">file://\\MAISS-ARHIVS\Geo_Riga\DARBA_FAILI\Dace\Dati_izsniegsanai\multiclimact\Riga_buildings_v1\Riga_buildings_v1.shp</linkage><protocol Sync="TRUE">Local Area Network</protocol></itemLocation><itemSize Sync="TRUE">0.000</itemSize></itemProps><coordRef><type Sync="TRUE">Projected</type><geogcsn Sync="TRUE">GCS_LKS_1992</geogcsn><csUnits Sync="TRUE">Linear Unit: Meter (1.000000)</csUnits><projcsn Sync="TRUE">LKS_1992_Latvia_TM</projcsn><peXml Sync="TRUE">&lt;ProjectedCoordinateSystem xsi:type='typens:ProjectedCoordinateSystem' xmlns:xsi='http://www.w3.org/2001/XMLSchema-instance' xmlns:xs='http://www.w3.org/2001/XMLSchema' xmlns:typens='http://www.esri.com/schemas/ArcGIS/3.4.0'&gt;&lt;WKT&gt;PROJCS[&amp;quot;LKS_1992_Latvia_TM&amp;quot;,GEOGCS[&amp;quot;GCS_LKS_1992&amp;quot;,DATUM[&amp;quot;D_Latvia_1992&amp;quot;,SPHEROID[&amp;quot;GRS_1980&amp;quot;,6378137.0,298.257222101]],PRIMEM[&amp;quot;Greenwich&amp;quot;,0.0],UNIT[&amp;quot;Degree&amp;quot;,0.0174532925199433]],PROJECTION[&amp;quot;Transverse_Mercator&amp;quot;],PARAMETER[&amp;quot;False_Easting&amp;quot;,500000.0],PARAMETER[&amp;quot;False_Northing&amp;quot;,-6000000.0],PARAMETER[&amp;quot;Central_Meridian&amp;quot;,24.0],PARAMETER[&amp;quot;Scale_Factor&amp;quot;,0.9996],PARAMETER[&amp;quot;Latitude_Of_Origin&amp;quot;,0.0],UNIT[&amp;quot;Meter&amp;quot;,1.0],AUTHORITY[&amp;quot;EPSG&amp;quot;,3059]]&lt;/WKT&gt;&lt;XOrigin&gt;-5120900&lt;/XOrigin&gt;&lt;YOrigin&gt;-15998100&lt;/YOrigin&gt;&lt;XYScale&gt;450445547.3910538&lt;/XYScale&gt;&lt;ZOrigin&gt;-100000&lt;/ZOrigin&gt;&lt;ZScale&gt;10000&lt;/ZScale&gt;&lt;MOrigin&gt;-100000&lt;/MOrigin&gt;&lt;MScale&gt;10000&lt;/MScale&gt;&lt;XYTolerance&gt;0.001&lt;/XYTolerance&gt;&lt;ZTolerance&gt;0.001&lt;/ZTolerance&gt;&lt;MTolerance&gt;0.001&lt;/MTolerance&gt;&lt;HighPrecision&gt;true&lt;/HighPrecision&gt;&lt;WKID&gt;3059&lt;/WKID&gt;&lt;LatestWKID&gt;3059&lt;/LatestWKID&gt;&lt;/ProjectedCoordinateSystem&gt;</peXml></coordRef></DataProperties><SyncDate>20250414</SyncDate><SyncTime>20472800</SyncTime><ModDate>20250414</ModDate><ModTime>20472800</ModTime></Esri><dataIdInfo><envirDesc Sync="TRUE">Microsoft Windows 10 Version 10.0 (Build 19045) ; Esri ArcGIS 13.4.0.55405</envirDesc><dataLang><languageCode value="lav" Sync="TRUE"></languageCode><countryCode value="LVA" Sync="TRUE"></countryCode></dataLang><idCitation><resTitle Sync="TRUE">Riga_buildings_v1</resTitle><presForm><PresFormCd value="005" Sync="TRUE"></PresFormCd></presForm></idCitation><spatRpType><SpatRepTypCd value="001" Sync="TRUE"></SpatRepTypCd></spatRpType></dataIdInfo><mdLang><languageCode value="lav" Sync="TRUE"></languageCode><countryCode value="LVA" Sync="TRUE"></countryCode></mdLang><distInfo><distFormat><formatName Sync="TRUE">Shapefile</formatName></distFormat><distTranOps><transSize Sync="TRUE">0.000</transSize></distTranOps></distInfo><mdHrLv><ScopeCd value="005" Sync="TRUE"></ScopeCd></mdHrLv><mdHrLvName Sync="TRUE">dataset</mdHrLvName><refSysInfo><RefSystem><refSysID><identCode code="3059" Sync="TRUE"></identCode><idCodeSpace Sync="TRUE">EPSG</idCodeSpace><idVersion Sync="TRUE">6.7(9.0.0)</idVersion></refSysID></RefSystem></refSysInfo><spatRepInfo><VectSpatRep><geometObjs Name="Riga_buildings_v1"><geoObjTyp><GeoObjTypCd value="002" Sync="TRUE"></GeoObjTypCd></geoObjTyp><geoObjCnt Sync="TRUE">0</geoObjCnt></geometObjs><topLvl><TopoLevCd value="001" Sync="TRUE"></TopoLevCd></topLvl></VectSpatRep></spatRepInfo><spdoinfo><ptvctinf><esriterm Name="Riga_buildings_v1"><efeatyp Sync="TRUE">Simple</efeatyp><efeageom code="4" Sync="TRUE"></efeageom><esritopo Sync="TRUE">FALSE</esritopo><efeacnt Sync="TRUE">0</efeacnt><spindex Sync="TRUE">FALSE</spindex><linrefer Sync="TRUE">FALSE</linrefer></esriterm></ptvctinf></spdoinfo><eainfo><detailed Name="Riga_buildings_v1"><enttyp><enttypl Sync="TRUE">Riga_buildings_v1</enttypl><enttypt Sync="TRUE">Feature Class</enttypt><enttypc Sync="TRUE">0</enttypc></enttyp><attr><attrlabl Sync="TRUE">FID</attrlabl><attalias Sync="TRUE">FID</attalias><attrtype Sync="TRUE">OID</attrtype><attwidth Sync="TRUE">4</attwidth><atprecis Sync="TRUE">0</atprecis><attscale Sync="TRUE">0</attscale><attrdef Sync="TRUE">Internal feature number.</attrdef><attrdefs Sync="TRUE">Esri</attrdefs><attrdomv><udom Sync="TRUE">Sequential unique whole numbers that are automatically generated.</udom></attrdomv></attr><attr><attrlabl Sync="TRUE">Shape</attrlabl><attalias Sync="TRUE">Shape</attalias><attrtype Sync="TRUE">Geometry</attrtype><attwidth Sync="TRUE">0</attwidth><atprecis Sync="TRUE">0</atprecis><attscale Sync="TRUE">0</attscale><attrdef Sync="TRUE">Feature geometry.</attrdef><attrdefs Sync="TRUE">Esri</attrdefs><attrdomv><udom Sync="TRUE">Coordinates defining the features.</udom></attrdomv></attr><attr><attrlabl Sync="TRUE">cadastrena</attrlabl><attalias Sync="TRUE">cadastrena</attalias><attrtype Sync="TRUE">String</attrtype><attwidth Sync="TRUE">14</attwidth><atprecis Sync="TRUE">0</atprecis><attscale Sync="TRUE">0</attscale></attr><attr><attrlabl Sync="TRUE">term</attrlabl><attalias Sync="TRUE">term</attalias><attrtype Sync="TRUE">String</attrtype><attwidth Sync="TRUE">100</attwidth><atprecis Sync="TRUE">0</atprecis><attscale Sync="TRUE">0</attscale></attr><attr><attrlabl Sync="TRUE">Gross_floo</attrlabl><attalias Sync="TRUE">Gross_floo</attalias><attrtype Sync="TRUE">Double</attrtype><attwidth Sync="TRUE">19</attwidth><atprecis Sync="TRUE">0</atprecis><attscale Sync="TRUE">0</attscale></attr><attr><attrlabl Sync="TRUE">Footpr_m2</attrlabl><attalias Sync="TRUE">Footpr_m2</attalias><attrtype Sync="TRUE">Double</attrtype><attwidth Sync="TRUE">19</attwidth><atprecis Sync="TRUE">0</atprecis><attscale Sync="TRUE">0</attscale></attr><attr><attrlabl Sync="TRUE">Height</attrlabl><attalias Sync="TRUE">Height</attalias><attrtype Sync="TRUE">Double</attrtype><attwidth Sync="TRUE">19</attwidth><atprecis Sync="TRUE">0</atprecis><attscale Sync="TRUE">0</attscale></attr><attr><attrlabl Sync="TRUE">undergr_fl</attrlabl><attalias Sync="TRUE">undergr_fl</attalias><attrtype Sync="TRUE">Integer</attrtype><attwidth Sync="TRUE">10</attwidth><atprecis Sync="TRUE">10</atprecis><attscale Sync="TRUE">0</attscale></attr><attr><attrlabl Sync="TRUE">Num_floors</attrlabl><attalias Sync="TRUE">Num_floors</attalias><attrtype Sync="TRUE">Integer</attrtype><attwidth Sync="TRUE">10</attwidth><atprecis Sync="TRUE">10</atprecis><attscale Sync="TRUE">0</attscale></attr><attr><attrlabl Sync="TRUE">Const_year</attrlabl><attalias Sync="TRUE">Const_year</attalias><attrtype Sync="TRUE">Integer</attrtype><attwidth Sync="TRUE">10</attwidth><atprecis Sync="TRUE">10</atprecis><attscale Sync="TRUE">0</attscale></attr><attr><attrlabl Sync="TRUE">mainusetyp</attrlabl><attalias Sync="TRUE">mainusetyp</attalias><attrtype Sync="TRUE">String</attrtype><attwidth Sync="TRUE">254</attwidth><atprecis Sync="TRUE">0</atprecis><attscale Sync="TRUE">0</attscale></attr><attr><attrlabl Sync="TRUE">Use</attrlabl><attalias Sync="TRUE">Use</attalias><attrtype Sync="TRUE">String</attrtype><attwidth Sync="TRUE">100</attwidth><atprecis Sync="TRUE">0</atprecis><attscale Sync="TRUE">0</attscale></attr><attr><attrlabl Sync="TRUE">buildingty</attrlabl><attalias Sync="TRUE">buildingty</attalias><attrtype Sync="TRUE">String</attrtype><attwidth Sync="TRUE">254</attwidth><atprecis Sync="TRUE">0</atprecis><attscale Sync="TRUE">0</attscale></attr><attr><attrlabl Sync="TRUE">ROOFAREA</attrlabl><attalias Sync="TRUE">ROOFAREA</attalias><attrtype Sync="TRUE">Double</attrtype><attwidth Sync="TRUE">19</attwidth><atprecis Sync="TRUE">0</atprecis><attscale Sync="TRUE">0</attscale></attr><attr><attrlabl Sync="TRUE">country</attrlabl><attalias Sync="TRUE">Country</attalias><attrtype Sync="TRUE">String</attrtype><attwidth Sync="TRUE">50</attwidth><atprecis Sync="TRUE">0</atprecis><attscale Sync="TRUE">0</attscale></attr><attr><attrlabl Sync="TRUE">Cult_mon</attrlabl><attalias Sync="TRUE">Cult_mon</attalias><attrtype Sync="TRUE">String</attrtype><attwidth Sync="TRUE">254</attwidth><atprecis Sync="TRUE">0</atprecis><attscale Sync="TRUE">0</attscale></attr><attr><attrlabl Sync="TRUE">Cult_type</attrlabl><attalias Sync="TRUE">Cult_type</attalias><attrtype Sync="TRUE">String</attrtype><attwidth Sync="TRUE">254</attwidth><atprecis Sync="TRUE">0</atprecis><attscale Sync="TRUE">0</attscale></attr><attr><attrlabl Sync="TRUE">Shape_Leng</attrlabl><attalias Sync="TRUE">Shape_Leng</attalias><attrtype Sync="TRUE">Double</attrtype><attwidth Sync="TRUE">19</attwidth><atprecis Sync="TRUE">0</atprecis><attscale Sync="TRUE">0</attscale></attr><attr><attrlabl Sync="TRUE">Shape_Area</attrlabl><attalias Sync="TRUE">Shape_Area</attalias><attrtype Sync="TRUE">Double</attrtype><attwidth Sync="TRUE">19</attwidth><atprecis Sync="TRUE">0</atprecis><attscale Sync="TRUE">0</attscale><attrdef Sync="TRUE">Area of feature in internal units squared.</attrdef><attrdefs Sync="TRUE">Esri</attrdefs><attrdomv><udom Sync="TRUE">Positive real numbers that are automatically generated.</udom></attrdomv></attr></detailed></eainfo><mdDateSt Sync="TRUE">20250414</mdDateSt></metadata>
